DevType,Database,Count,Rank
Academic researcher,MySQL,231,1
Academic researcher,SQLite,160,2
Academic researcher,MongoDB,157,3
Academic researcher,PostgreSQL,154,4
Academic researcher,Microsoft SQL Server,82,5
Academic researcher,MariaDB,60,6
Academic researcher,Firebase,60,7
Academic researcher,Redis,59,8
Academic researcher,Oracle,44,9
Academic researcher,Elasticsearch,42,10
Academic researcher,DynamoDB,30,11
Academic researcher,Cassandra,11,12
Academic researcher,Firebase Realtime Database,11,13
Academic researcher,IBM DB2,11,14
Academic researcher,Cloud Firestore,7,15
Academic researcher,Couchbase,4,16
Academic researcher,Neo4j,3,17
Academic researcher,CouchDB,2,18
Academic researcher,Microsoft Access,1,19
Academic researcher,Dynamodb,1,20
Academic researcher,Other(s):,1,21
Blockchain,PostgreSQL,55,1
Blockchain,MySQL,51,2
Blockchain,MongoDB,46,3
Blockchain,Redis,32,4
Blockchain,SQLite,32,5
Blockchain,Microsoft SQL Server,19,6
Blockchain,Firebase Realtime Database,13,7
Blockchain,Cloud Firestore,13,8
Blockchain,DynamoDB,11,9
Blockchain,MariaDB,11,10
Blockchain,Elasticsearch,8,11
Blockchain,Cassandra,4,12
Blockchain,Oracle,4,13
Blockchain,Supabase,2,14
Blockchain,CouchDB,2,15
Blockchain,IBM DB2,2,16
Blockchain,Neo4j,2,17
Blockchain,Couch DB,1,18
Blockchain,BigQuery,1,19
Cloud infrastructure engineer,PostgreSQL,164,1
Cloud infrastructure engineer,MySQL,123,2
Cloud infrastructure engineer,Redis,97,3
Cloud infrastructure engineer,MongoDB,96,4
Cloud infrastructure engineer,SQLite,86,5
Cloud infrastructure engineer,Microsoft SQL Server,67,6
Cloud infrastructure engineer,DynamoDB,59,7
Cloud infrastructure engineer,Elasticsearch,55,8
Cloud infrastructure engineer,MariaDB,47,9
Cloud infrastructure engineer,Firebase Realtime Database,30,10
Cloud infrastructure engineer,Cloud Firestore,29,11
Cloud infrastructure engineer,Oracle,24,12
Cloud infrastructure engineer,Cassandra,11,13
Cloud infrastructure engineer,Dynamodb,9,14
Cloud infrastructure engineer,Neo4j,8,15
Cloud infrastructure engineer,CouchDB,7,16
Cloud infrastructure engineer,BigQuery,5,17
Cloud infrastructure engineer,IBM DB2,3,18
Cloud infrastructure engineer,Cockroachdb,3,19
Cloud infrastructure engineer,Snowflake,3,20
Cloud infrastructure engineer,InfluxDB,3,21
Cloud infrastructure engineer,Couchbase,3,22
Cloud infrastructure engineer,Microsoft Access,2,23
Cloud infrastructure engineer,Cosmos DB,1,24
Cloud infrastructure engineer,Couch DB,1,25
Data or business analyst,MySQL,332,1
Data or business analyst,PostgreSQL,317,2
Data or business analyst,Microsoft SQL Server,296,3
Data or business analyst,SQLite,237,4
Data or business analyst,MongoDB,165,5
Data or business analyst,Oracle,128,6
Data or business analyst,MariaDB,93,7
Data or business analyst,Redis,69,8
Data or business analyst,Firebase,60,9
Data or business analyst,Elasticsearch,57,10
Data or business analyst,DynamoDB,45,11
Data or business analyst,Cloud Firestore,17,12
Data or business analyst,IBM DB2,16,13
Data or business analyst,Firebase Realtime Database,16,14
Data or business analyst,Cassandra,13,15
Data or business analyst,Couchbase,9,16
Data or business analyst,BigQuery,5,17
Data or business analyst,Microsoft Access,3,18
Data or business analyst,InfluxDB,2,19
Data or business analyst,Dynamodb,2,20
Data or business analyst,Snowflake,2,21
Data or business analyst,Cosmos DB,2,22
Data or business analyst,CouchDB,2,23
Data or business analyst,Neo4j,2,24
Data or business analyst,Other(s):,1,25
Data scientist or machine learning specialist,MySQL,439,1
Data scientist or machine learning specialist,PostgreSQL,434,2
Data scientist or machine learning specialist,SQLite,332,3
Data scientist or machine learning specialist,MongoDB,272,4
Data scientist or machine learning specialist,Microsoft SQL Server,258,5
Data scientist or machine learning specialist,Redis,145,6
Data scientist or machine learning specialist,Elasticsearch,136,7
Data scientist or machine learning specialist,Oracle,130,8
Data scientist or machine learning specialist,MariaDB,81,9
Data scientist or machine learning specialist,Firebase,66,10
Data scientist or machine learning specialist,DynamoDB,54,11
Data scientist or machine learning specialist,Cassandra,31,12
Data scientist or machine learning specialist,Cloud Firestore,23,13
Data scientist or machine learning specialist,BigQuery,23,14
Data scientist or machine learning specialist,IBM DB2,20,15
Data scientist or machine learning specialist,Firebase Realtime Database,16,16
Data scientist or machine learning specialist,Snowflake,13,17
Data scientist or machine learning specialist,Couchbase,10,18
Data scientist or machine learning specialist,Dynamodb,8,19
Data scientist or machine learning specialist,Neo4j,8,20
Data scientist or machine learning specialist,Cosmos DB,5,21
Data scientist or machine learning specialist,Other(s):,5,22
Data scientist or machine learning specialist,Neo4J,4,23
Data scientist or machine learning specialist,DuckDB,4,24
Data scientist or machine learning specialist,Microsoft Access,2,25
Data scientist or machine learning specialist,Clickhouse,2,26
Data scientist or machine learning specialist,CouchDB,2,27
Data scientist or machine learning specialist,H2,1,28
Data scientist or machine learning specialist,Supabase,1,29
Database administrator,MySQL,460,1
Database administrator,PostgreSQL,353,2
Database administrator,Microsoft SQL Server,323,3
Database administrator,SQLite,261,4
Database administrator,MongoDB,247,5
Database administrator,MariaDB,189,6
Database administrator,Redis,153,7
Database administrator,Oracle,126,8
Database administrator,Firebase,115,9
Database administrator,Elasticsearch,79,10
Database administrator,DynamoDB,48,11
Database administrator,Firebase Realtime Database,27,12
Database administrator,Cloud Firestore,19,13
Database administrator,Cassandra,14,14
Database administrator,IBM DB2,13,15
Database administrator,Couchbase,12,16
Database administrator,Neo4j,4,17
Database administrator,Other(s):,4,18
Database administrator,DuckDB,1,19
Database administrator,CouchDB,1,20
Designer,MySQL,439,1
Designer,MongoDB,255,2
Designer,PostgreSQL,239,3
Designer,Microsoft SQL Server,229,4
Designer,SQLite,227,5
Designer,Firebase,147,6
Designer,MariaDB,127,7
Designer,Redis,90,8
Designer,Oracle,84,9
Designer,Elasticsearch,56,10
Designer,DynamoDB,40,11
Designer,Cloud Firestore,35,12
Designer,Firebase Realtime Database,33,13
Designer,Cassandra,11,14
Designer,IBM DB2,10,15
Designer,Couchbase,8,16
Designer,Neo4j,4,17
Designer,Other(s):,4,18
Designer,Supabase,1,19
Designer,BigQuery,1,20
Designer,Microsoft Access,1,21
DevOps specialist,PostgreSQL,558,1
DevOps specialist,MySQL,497,2
DevOps specialist,MongoDB,365,3
DevOps specialist,Redis,311,4
DevOps specialist,SQLite,302,5
DevOps specialist,Microsoft SQL Server,295,6
DevOps specialist,Elasticsearch,230,7
DevOps specialist,MariaDB,181,8
DevOps specialist,DynamoDB,153,9
DevOps specialist,Oracle,130,10
DevOps specialist,Firebase,120,11
DevOps specialist,Cassandra,38,12
DevOps specialist,Firebase Realtime Database,30,13
DevOps specialist,Cloud Firestore,26,14
DevOps specialist,IBM DB2,20,15
DevOps specialist,Dynamodb,17,16
DevOps specialist,Couchbase,15,17
DevOps specialist,Cosmos DB,8,18
DevOps specialist,CouchDB,8,19
DevOps specialist,Neo4j,5,20
DevOps specialist,Cockroachdb,3,21
DevOps specialist,Other(s):,3,22
DevOps specialist,Snowflake,2,23
DevOps specialist,Clickhouse,2,24
DevOps specialist,Supabase,2,25
DevOps specialist,Neo4J,1,26
DevOps specialist,BigQuery,1,27
Developer Advocate,Cosmos DB,1,1
Developer Advocate,SQLite,1,2
Developer Experience,PostgreSQL,5,1
Developer Experience,MongoDB,3,2
Developer Experience,SQLite,2,3
Developer Experience,Redis,2,4
Developer Experience,Neo4J,1,5
Developer Experience,Supabase,1,6
Developer Experience,MySQL,1,7
Developer Experience,Clickhouse,1,8
Developer Experience,Microsoft SQL Server,1,9
Developer Experience,BigQuery,1,10
Developer Experience,Oracle,1,11
Developer Experience,Microsoft Access,1,12
Developer Experience,Solr,1,13
Developer Experience,MariaDB,1,14
"Developer, QA or test",MySQL,358,1
"Developer, QA or test",PostgreSQL,258,2
"Developer, QA or test",MongoDB,217,3
"Developer, QA or test",SQLite,200,4
"Developer, QA or test",Microsoft SQL Server,198,5
"Developer, QA or test",Oracle,103,6
"Developer, QA or test",Redis,102,7
"Developer, QA or test",Firebase,100,8
"Developer, QA or test",MariaDB,99,9
"Developer, QA or test",Elasticsearch,78,10
"Developer, QA or test",DynamoDB,40,11
"Developer, QA or test",Firebase Realtime Database,21,12
"Developer, QA or test",IBM DB2,16,13
"Developer, QA or test",Cloud Firestore,16,14
"Developer, QA or test",Cassandra,15,15
"Developer, QA or test",Couchbase,9,16
"Developer, QA or test",CouchDB,3,17
"Developer, QA or test",Neo4j,3,18
"Developer, QA or test",Cosmos DB,2,19
"Developer, QA or test",H2,2,20
"Developer, QA or test",Dynamodb,2,21
"Developer, QA or test",Supabase,1,22
"Developer, QA or test",Microsoft Access,1,23
"Developer, QA or test",Firebird,1,24
"Developer, QA or test",InfluxDB,1,25
"Developer, QA or test",BigQuery,1,26
"Developer, QA or test",Other(s):,1,27
"Developer, back-end",MySQL,3165,1
"Developer, back-end",PostgreSQL,2970,2
"Developer, back-end",MongoDB,2068,3
"Developer, back-end",SQLite,1649,4
"Developer, back-end",Microsoft SQL Server,1625,5
"Developer, back-end",Redis,1590,6
"Developer, back-end",MariaDB,930,7
"Developer, back-end",Elasticsearch,887,8
"Developer, back-end",Oracle,728,9
"Developer, back-end",Firebase,696,10
"Developer, back-end",DynamoDB,542,11
"Developer, back-end",Firebase Realtime Database,205,12
"Developer, back-end",Cassandra,178,13
"Developer, back-end",Cloud Firestore,165,14
"Developer, back-end",Dynamodb,114,15
"Developer, back-end",IBM DB2,89,16
"Developer, back-end",Couchbase,80,17
"Developer, back-end",H2,48,18
"Developer, back-end",BigQuery,43,19
"Developer, back-end",Cosmos DB,29,20
"Developer, back-end",Neo4j,29,21
"Developer, back-end",Snowflake,26,22
"Developer, back-end",InfluxDB,16,23
"Developer, back-end",Clickhouse,14,24
"Developer, back-end",CouchDB,14,25
"Developer, back-end",Other(s):,14,26
"Developer, back-end",Supabase,13,27
"Developer, back-end",Neo4J,10,28
"Developer, back-end",Solr,8,29
"Developer, back-end",Cockroachdb,7,30
"Developer, back-end",Couch DB,7,31
"Developer, back-end",Microsoft Access,5,32
"Developer, back-end",Firebird,4,33
"Developer, back-end",DuckDB,4,34
"Developer, back-end",RavenDB,4,35
"Developer, back-end",TiDB,2,36
"Developer, back-end",Datomic,1,37
"Developer, desktop or enterprise applications",MySQL,781,1
"Developer, desktop or enterprise applications",Microsoft SQL Server,700,2
"Developer, desktop or enterprise applications",PostgreSQL,555,3
"Developer, desktop or enterprise applications",SQLite,539,4
"Developer, desktop or enterprise applications",MongoDB,428,5
"Developer, desktop or enterprise applications",Oracle,288,6
"Developer, desktop or enterprise applications",MariaDB,215,7
"Developer, desktop or enterprise applications",Redis,196,8
"Developer, desktop or enterprise applications",Firebase,190,9
"Developer, desktop or enterprise applications",Elasticsearch,136,10
"Developer, desktop or enterprise applications",DynamoDB,69,11
"Developer, desktop or enterprise applications",Firebase Realtime Database,50,12
"Developer, desktop or enterprise applications",Cloud Firestore,39,13
"Developer, desktop or enterprise applications",IBM DB2,33,14
"Developer, desktop or enterprise applications",Cassandra,30,15
"Developer, desktop or enterprise applications",Couchbase,25,16
"Developer, desktop or enterprise applications",Other(s):,9,17
"Developer, desktop or enterprise applications",Dynamodb,7,18
"Developer, desktop or enterprise applications",H2,2,19
"Developer, desktop or enterprise applications",BigQuery,2,20
"Developer, desktop or enterprise applications",CouchDB,2,21
"Developer, desktop or enterprise applications",Cosmos DB,1,22
"Developer, desktop or enterprise applications",TiDB,1,23
"Developer, desktop or enterprise applications",InfluxDB,1,24
"Developer, desktop or enterprise applications",Clickhouse,1,25
"Developer, desktop or enterprise applications",Microsoft Access,1,26
"Developer, desktop or enterprise applications",Snowflake,1,27
"Developer, desktop or enterprise applications",Neo4j,1,28
"Developer, desktop or enterprise applications",Supabase,1,29
"Developer, embedded applications or devices",MySQL,300,1
"Developer, embedded applications or devices",PostgreSQL,203,2
"Developer, embedded applications or devices",SQLite,199,3
"Developer, embedded applications or devices",Microsoft SQL Server,174,4
"Developer, embedded applications or devices",MongoDB,163,5
"Developer, embedded applications or devices",Oracle,92,6
"Developer, embedded applications or devices",Firebase,85,7
"Developer, embedded applications or devices",MariaDB,81,8
"Developer, embedded applications or devices",Redis,73,9
"Developer, embedded applications or devices",Elasticsearch,48,10
"Developer, embedded applications or devices",DynamoDB,31,11
"Developer, embedded applications or devices",Firebase Realtime Database,24,12
"Developer, embedded applications or devices",Cloud Firestore,23,13
"Developer, embedded applications or devices",Cassandra,9,14
"Developer, embedded applications or devices",IBM DB2,6,15
"Developer, embedded applications or devices",Couchbase,6,16
"Developer, embedded applications or devices",Neo4j,4,17
"Developer, embedded applications or devices",Dynamodb,2,18
"Developer, embedded applications or devices",Cockroachdb,1,19
"Developer, embedded applications or devices",Cosmos DB,1,20
"Developer, embedded applications or devices",Firebird,1,21
"Developer, embedded applications or devices",Snowflake,1,22
"Developer, embedded applications or devices",CouchDB,1,23
"Developer, embedded applications or devices",Other(s):,1,24
"Developer, front-end",MySQL,2112,1
"Developer, front-end",PostgreSQL,1511,2
"Developer, front-end",MongoDB,1507,3
"Developer, front-end",SQLite,975,4
"Developer, front-end",Microsoft SQL Server,953,5
"Developer, front-end",Firebase,689,6
"Developer, front-end",Redis,619,7
"Developer, front-end",MariaDB,564,8
"Developer, front-end",Oracle,411,9
"Developer, front-end",Elasticsearch,332,10
"Developer, front-end",DynamoDB,274,11
"Developer, front-end",Firebase Realtime Database,220,12
"Developer, front-end",Cloud Firestore,185,13
"Developer, front-end",IBM DB2,50,14
"Developer, front-end",Cassandra,40,15
"Developer, front-end",Couchbase,35,16
"Developer, front-end",Supabase,24,17
"Developer, front-end",Dynamodb,15,18
"Developer, front-end",Neo4j,12,19
"Developer, front-end",CouchDB,9,20
"Developer, front-end",Other(s):,6,21
"Developer, front-end",H2,5,22
"Developer, front-end",Microsoft Access,5,23
"Developer, front-end",Firebird,4,24
"Developer, front-end",BigQuery,4,25
"Developer, front-end",Cosmos DB,3,26
"Developer, front-end",Neo4J,3,27
"Developer, front-end",InfluxDB,3,28
"Developer, front-end",Clickhouse,2,29
"Developer, front-end",Snowflake,1,30
"Developer, front-end",Couch DB,1,31
"Developer, front-end",Solr,1,32
"Developer, full-stack",MySQL,4001,1
"Developer, full-stack",PostgreSQL,3534,2
"Developer, full-stack",MongoDB,2780,3
"Developer, full-stack",Microsoft SQL Server,2236,4
"Developer, full-stack",SQLite,2068,5
"Developer, full-stack",Redis,1673,6
"Developer, full-stack",MariaDB,1132,7
"Developer, full-stack",Firebase,990,8
"Developer, full-stack",Elasticsearch,872,9
"Developer, full-stack",Oracle,830,10
"Developer, full-stack",DynamoDB,579,11
"Developer, full-stack",Firebase Realtime Database,368,12
"Developer, full-stack",Cloud Firestore,346,13
"Developer, full-stack",Dynamodb,156,14
"Developer, full-stack",Cassandra,114,15
"Developer, full-stack",IBM DB2,106,16
"Developer, full-stack",Supabase,79,17
"Developer, full-stack",Couchbase,70,18
"Developer, full-stack",BigQuery,59,19
"Developer, full-stack",Cosmos DB,56,20
"Developer, full-stack",H2,52,21
"Developer, full-stack",Neo4j,35,22
"Developer, full-stack",Microsoft Access,23,23
"Developer, full-stack",Snowflake,19,24
"Developer, full-stack",InfluxDB,18,25
"Developer, full-stack",Neo4J,17,26
"Developer, full-stack",Other(s):,17,27
"Developer, full-stack",Solr,14,28
"Developer, full-stack",CouchDB,12,29
"Developer, full-stack",Couch DB,8,30
"Developer, full-stack",Cockroachdb,7,31
"Developer, full-stack",Clickhouse,6,32
"Developer, full-stack",Firebird,5,33
"Developer, full-stack",DuckDB,2,34
"Developer, full-stack",Datomic,2,35
"Developer, game or graphics",MySQL,152,1
"Developer, game or graphics",SQLite,91,2
"Developer, game or graphics",PostgreSQL,86,3
"Developer, game or graphics",MongoDB,82,4
"Developer, game or graphics",Microsoft SQL Server,67,5
"Developer, game or graphics",Firebase,61,6
"Developer, game or graphics",MariaDB,57,7
"Developer, game or graphics",Redis,33,8
"Developer, game or graphics",Oracle,25,9
"Developer, game or graphics",Elasticsearch,18,10
"Developer, game or graphics",Firebase Realtime Database,15,11
"Developer, game or graphics",DynamoDB,11,12
"Developer, game or graphics",Cloud Firestore,6,13
"Developer, game or graphics",Couchbase,6,14
"Developer, game or graphics",Dynamodb,5,15
"Developer, game or graphics",Cassandra,3,16
"Developer, game or graphics",Supabase,1,17
"Developer, game or graphics",Cockroachdb,1,18
"Developer, game or graphics",IBM DB2,1,19
"Developer, mobile",MySQL,1088,1
"Developer, mobile",SQLite,929,2
"Developer, mobile",MongoDB,671,3
"Developer, mobile",Firebase,649,4
"Developer, mobile",PostgreSQL,601,5
"Developer, mobile",Microsoft SQL Server,422,6
"Developer, mobile",MariaDB,282,7
"Developer, mobile",Firebase Realtime Database,228,8
"Developer, mobile",Redis,220,9
"Developer, mobile",Oracle,220,10
"Developer, mobile",Cloud Firestore,197,11
"Developer, mobile",Elasticsearch,116,12
"Developer, mobile",DynamoDB,99,13
"Developer, mobile",IBM DB2,25,14
"Developer, mobile",Couchbase,23,15
"Developer, mobile",Cassandra,20,16
"Developer, mobile",Neo4j,7,17
"Developer, mobile",Supabase,6,18
"Developer, mobile",BigQuery,6,19
"Developer, mobile",CouchDB,5,20
"Developer, mobile",Other(s):,4,21
"Developer, mobile",Dynamodb,3,22
"Developer, mobile",Microsoft Access,3,23
"Developer, mobile",Couch DB,2,24
"Developer, mobile",H2,1,25
"Developer, mobile",Neo4J,1,26
Educator,MySQL,178,1
Educator,PostgreSQL,134,2
Educator,MongoDB,120,3
Educator,SQLite,118,4
Educator,Firebase,77,5
Educator,Microsoft SQL Server,59,6
Educator,MariaDB,56,7
Educator,Redis,50,8
Educator,Oracle,38,9
Educator,DynamoDB,30,10
Educator,Elasticsearch,26,11
Educator,Cloud Firestore,15,12
Educator,Firebase Realtime Database,12,13
Educator,IBM DB2,7,14
Educator,Cassandra,7,15
Educator,Couchbase,6,16
Educator,Other(s):,2,17
Educator,Dynamodb,1,18
Educator,Neo4j,1,19
Educator,CouchDB,1,20
"Engineer, data",PostgreSQL,512,1
"Engineer, data",MySQL,408,2
"Engineer, data",Microsoft SQL Server,288,3
"Engineer, data",SQLite,274,4
"Engineer, data",MongoDB,254,5
"Engineer, data",Redis,174,6
"Engineer, data",Elasticsearch,137,7
"Engineer, data",Oracle,124,8
"Engineer, data",MariaDB,105,9
"Engineer, data",DynamoDB,97,10
"Engineer, data",Firebase,86,11
"Engineer, data",Cassandra,42,12
"Engineer, data",BigQuery,32,13
"Engineer, data",Cloud Firestore,25,14
"Engineer, data",Snowflake,22,15
"Engineer, data",Dynamodb,21,16
"Engineer, data",Firebase Realtime Database,18,17
"Engineer, data",IBM DB2,16,18
"Engineer, data",Neo4j,9,19
"Engineer, data",Couchbase,9,20
"Engineer, data",Cosmos DB,7,21
"Engineer, data",DuckDB,6,22
"Engineer, data",Other(s):,6,23
"Engineer, data",Microsoft Access,3,24
"Engineer, data",Neo4J,2,25
"Engineer, data",H2,1,26
"Engineer, data",Clickhouse,1,27
"Engineer, data",Supabase,1,28
"Engineer, data",InfluxDB,1,29
"Engineer, data",Solr,1,30
"Engineer, data",Cockroachdb,1,31
"Engineer, data",Firebird,1,32
"Engineer, data",CouchDB,1,33
"Engineer, site reliability",PostgreSQL,182,1
"Engineer, site reliability",MySQL,165,2
"Engineer, site reliability",Redis,135,3
"Engineer, site reliability",MongoDB,103,4
"Engineer, site reliability",SQLite,95,5
"Engineer, site reliability",Elasticsearch,89,6
"Engineer, site reliability",DynamoDB,65,7
"Engineer, site reliability",MariaDB,60,8
"Engineer, site reliability",Microsoft SQL Server,56,9
"Engineer, site reliability",Firebase,38,10
"Engineer, site reliability",Oracle,32,11
"Engineer, site reliability",Cassandra,21,12
"Engineer, site reliability",Firebase Realtime Database,9,13
"Engineer, site reliability",Cloud Firestore,9,14
"Engineer, site reliability",Couchbase,6,15
"Engineer, site reliability",Dynamodb,4,16
"Engineer, site reliability",Neo4j,3,17
"Engineer, site reliability",CouchDB,2,18
"Engineer, site reliability",IBM DB2,2,19
"Engineer, site reliability",Clickhouse,1,20
"Engineer, site reliability",Supabase,1,21
"Engineer, site reliability",Cockroachdb,1,22
"Engineer, site reliability",InfluxDB,1,23
"Engineer, site reliability",Cosmos DB,1,24
"Engineer, site reliability",Snowflake,1,25
"Engineer, site reliability",Other(s):,1,26
Engineering manager,PostgreSQL,109,1
Engineering manager,MySQL,89,2
Engineering manager,SQLite,66,3
Engineering manager,MongoDB,65,4
Engineering manager,Redis,48,5
Engineering manager,Microsoft SQL Server,37,6
Engineering manager,Elasticsearch,35,7
Engineering manager,MariaDB,33,8
Engineering manager,Firebase,33,9
Engineering manager,DynamoDB,27,10
Engineering manager,Oracle,14,11
Engineering manager,Firebase Realtime Database,10,12
Engineering manager,Cloud Firestore,6,13
Engineering manager,Cassandra,5,14
Engineering manager,Dynamodb,3,15
Engineering manager,BigQuery,3,16
Engineering manager,Cosmos DB,2,17
Engineering manager,Couchbase,2,18
Engineering manager,IBM DB2,2,19
Engineering manager,Firebird,1,20
Engineering manager,H2,1,21
Engineering manager,Datomic,1,22
Engineering manager,Neo4j,1,23
Engineering manager,CouchDB,1,24
Hardware Engineer,PostgreSQL,3,1
Hardware Engineer,MySQL,1,2
Hardware Engineer,Cloud Firestore,1,3
Hardware Engineer,Redis,1,4
Hardware Engineer,SQLite,1,5
Hardware Engineer,MongoDB,1,6
Marketing or sales professional,MySQL,44,1
Marketing or sales professional,PostgreSQL,25,2
Marketing or sales professional,SQLite,18,3
Marketing or sales professional,Microsoft SQL Server,17,4
Marketing or sales professional,MongoDB,16,5
Marketing or sales professional,MariaDB,14,6
Marketing or sales professional,Firebase,11,7
Marketing or sales professional,Redis,9,8
Marketing or sales professional,Oracle,6,9
Marketing or sales professional,IBM DB2,2,10
Marketing or sales professional,Elasticsearch,2,11
Marketing or sales professional,Couchbase,2,12
Marketing or sales professional,DynamoDB,2,13
Marketing or sales professional,Snowflake,1,14
Marketing or sales professional,Firebase Realtime Database,1,15
Marketing or sales professional,Cloud Firestore,1,16
Other (please specify):,MySQL,98,1
Other (please specify):,PostgreSQL,82,2
Other (please specify):,MongoDB,71,3
Other (please specify):,SQLite,68,4
Other (please specify):,Microsoft SQL Server,50,5
Other (please specify):,Redis,30,6
Other (please specify):,Oracle,27,7
Other (please specify):,MariaDB,27,8
Other (please specify):,Firebase,16,9
Other (please specify):,DynamoDB,14,10
Other (please specify):,Firebase Realtime Database,13,11
Other (please specify):,Elasticsearch,13,12
Other (please specify):,Cloud Firestore,12,13
Other (please specify):,BigQuery,11,14
Other (please specify):,Dynamodb,11,15
Other (please specify):,Snowflake,5,16
Other (please specify):,Cassandra,5,17
Other (please specify):,IBM DB2,4,18
Other (please specify):,Supabase,4,19
Other (please specify):,Microsoft Access,3,20
Other (please specify):,Cockroachdb,2,21
Other (please specify):,H2,2,22
Other (please specify):,DuckDB,1,23
Other (please specify):,TiDB,1,24
Other (please specify):,Neo4J,1,25
Other (please specify):,Cosmos DB,1,26
Other (please specify):,Couch DB,1,27
Other (please specify):,Solr,1,28
Other (please specify):,Neo4j,1,29
Other (please specify):,Couchbase,1,30
Product manager,MySQL,151,1
Product manager,PostgreSQL,127,2
Product manager,SQLite,110,3
Product manager,MongoDB,99,4
Product manager,Microsoft SQL Server,76,5
Product manager,Redis,58,6
Product manager,Firebase,58,7
Product manager,MariaDB,49,8
Product manager,Oracle,29,9
Product manager,DynamoDB,28,10
Product manager,Elasticsearch,22,11
Product manager,Cloud Firestore,10,12
Product manager,Firebase Realtime Database,9,13
Product manager,Couchbase,6,14
Product manager,IBM DB2,4,15
Product manager,Cassandra,4,16
Product manager,Other(s):,3,17
Product manager,TiDB,1,18
Product manager,Snowflake,1,19
Product manager,InfluxDB,1,20
Product manager,CouchDB,1,21
Product manager,Dynamodb,1,22
Project manager,MySQL,63,1
Project manager,PostgreSQL,55,2
Project manager,SQLite,40,3
Project manager,MongoDB,37,4
Project manager,Microsoft SQL Server,30,5
Project manager,MariaDB,26,6
Project manager,Redis,23,7
Project manager,Firebase Realtime Database,19,8
Project manager,Oracle,19,9
Project manager,Elasticsearch,13,10
Project manager,Cloud Firestore,11,11
Project manager,DynamoDB,10,12
Project manager,Supabase,1,13
Project manager,Microsoft Access,1,14
Project manager,Cosmos DB,1,15
Project manager,Firebird,1,16
Project manager,H2,1,17
Project manager,Neo4J,1,18
Project manager,CouchDB,1,19
Project manager,IBM DB2,1,20
Project manager,Neo4j,1,21
Project manager,Couchbase,1,22
Research & Development role,PostgreSQL,13,1
Research & Development role,MongoDB,10,2
Research & Development role,SQLite,10,3
Research & Development role,MySQL,7,4
Research & Development role,Redis,7,5
Research & Development role,Microsoft SQL Server,7,6
Research & Development role,Dynamodb,3,7
Research & Development role,Elasticsearch,3,8
Research & Development role,Firebase Realtime Database,2,9
Research & Development role,Cassandra,2,10
Research & Development role,InfluxDB,2,11
Research & Development role,Snowflake,1,12
Research & Development role,Cockroachdb,1,13
Research & Development role,BigQuery,1,14
Research & Development role,MariaDB,1,15
Research & Development role,Oracle,1,16
Research & Development role,DuckDB,1,17
Scientist,MySQL,96,1
Scientist,SQLite,78,2
Scientist,PostgreSQL,71,3
Scientist,MongoDB,56,4
Scientist,Microsoft SQL Server,42,5
Scientist,Redis,31,6
Scientist,MariaDB,25,7
Scientist,Oracle,19,8
Scientist,Firebase,18,9
Scientist,Elasticsearch,16,10
Scientist,DynamoDB,11,11
Scientist,Cloud Firestore,5,12
Scientist,Firebase Realtime Database,5,13
Scientist,Cassandra,5,14
Scientist,Couchbase,2,15
Scientist,IBM DB2,2,16
Scientist,Other(s):,2,17
Scientist,Snowflake,1,18
Scientist,Dynamodb,1,19
Scientist,Neo4j,1,20
Security professional,SQLite,32,1
Security professional,MySQL,32,2
Security professional,PostgreSQL,31,3
Security professional,Redis,26,4
Security professional,MongoDB,24,5
Security professional,MariaDB,16,6
Security professional,Elasticsearch,15,7
Security professional,Microsoft SQL Server,15,8
Security professional,Oracle,10,9
Security professional,DynamoDB,9,10
Security professional,Firebase Realtime Database,8,11
Security professional,Cloud Firestore,5,12
Security professional,Neo4j,3,13
Security professional,BigQuery,2,14
Security professional,IBM DB2,2,15
Security professional,Couch DB,1,16
Security professional,Snowflake,1,17
Security professional,Cosmos DB,1,18
Security professional,Dynamodb,1,19
Security professional,Cassandra,1,20
Security professional,CouchDB,1,21
Security professional,Couchbase,1,22
"Senior Executive (C-Suite, VP, etc.)",PostgreSQL,38,1
"Senior Executive (C-Suite, VP, etc.)",MongoDB,29,2
"Senior Executive (C-Suite, VP, etc.)",MySQL,28,3
"Senior Executive (C-Suite, VP, etc.)",SQLite,24,4
"Senior Executive (C-Suite, VP, etc.)",Redis,18,5
"Senior Executive (C-Suite, VP, etc.)",Microsoft SQL Server,13,6
"Senior Executive (C-Suite, VP, etc.)",MariaDB,11,7
"Senior Executive (C-Suite, VP, etc.)",Firebase Realtime Database,9,8
"Senior Executive (C-Suite, VP, etc.)",Firebase,9,9
"Senior Executive (C-Suite, VP, etc.)",Cloud Firestore,7,10
"Senior Executive (C-Suite, VP, etc.)",Elasticsearch,6,11
"Senior Executive (C-Suite, VP, etc.)",DynamoDB,6,12
"Senior Executive (C-Suite, VP, etc.)",Oracle,3,13
"Senior Executive (C-Suite, VP, etc.)",BigQuery,2,14
"Senior Executive (C-Suite, VP, etc.)",TiDB,1,15
"Senior Executive (C-Suite, VP, etc.)",Neo4J,1,16
"Senior Executive (C-Suite, VP, etc.)",H2,1,17
"Senior Executive (C-Suite, VP, etc.)",Dynamodb,1,18
"Senior Executive (C-Suite, VP, etc.)",Cosmos DB,1,19
"Senior Executive (C-Suite, VP, etc.)",CouchDB,1,20
"Senior Executive (C-Suite, VP, etc.)",Neo4j,1,21
"Senior Executive (C-Suite, VP, etc.)",IBM DB2,1,22
Senior executive/VP,MySQL,17,1
Senior executive/VP,PostgreSQL,13,2
Senior executive/VP,Firebase,11,3
Senior executive/VP,SQLite,8,4
Senior executive/VP,MongoDB,7,5
Senior executive/VP,Redis,7,6
Senior executive/VP,Elasticsearch,6,7
Senior executive/VP,Microsoft SQL Server,5,8
Senior executive/VP,MariaDB,4,9
Senior executive/VP,IBM DB2,1,10
Senior executive/VP,Couchbase,1,11
Senior executive/VP,Oracle,1,12
Senior executive/VP,Other(s):,1,13
Senior executive/VP,Cassandra,1,14
Student,MySQL,353,1
Student,PostgreSQL,257,2
Student,SQLite,226,3
Student,MongoDB,218,4
Student,Microsoft SQL Server,172,5
Student,Firebase,126,6
Student,MariaDB,126,7
Student,Redis,122,8
Student,Oracle,97,9
Student,Elasticsearch,53,10
Student,DynamoDB,30,11
Student,Firebase Realtime Database,25,12
Student,Cloud Firestore,25,13
Student,Couchbase,10,14
Student,Other(s):,10,15
Student,IBM DB2,9,16
Student,Cassandra,7,17
Student,Neo4j,2,18
Student,Dynamodb,1,19
Student,CouchDB,1,20
System administrator,MySQL,388,1
System administrator,PostgreSQL,307,2
System administrator,SQLite,237,3
System administrator,MongoDB,216,4
System administrator,Microsoft SQL Server,209,5
System administrator,MariaDB,175,6
System administrator,Redis,162,7
System administrator,Elasticsearch,100,8
System administrator,Firebase,89,9
System administrator,Oracle,88,10
System administrator,DynamoDB,54,11
System administrator,Cassandra,17,12
System administrator,Firebase Realtime Database,15,13
System administrator,Cloud Firestore,14,14
System administrator,IBM DB2,9,15
System administrator,Couchbase,7,16
System administrator,InfluxDB,4,17
System administrator,Microsoft Access,4,18
System administrator,Neo4j,4,19
System administrator,CouchDB,3,20
System administrator,Other(s):,3,21
System administrator,Dynamodb,2,22
System administrator,BigQuery,1,23
System administrator,Solr,1,24
System administrator,Supabase,1,25
